{"cameraMode":{"drawMode":0,"name":"Shaded","section":"Shading Mode"},"sceneLighting":true,"audioPlay":false,"sceneViewState":{"showFog":true,"showMaterialUpdate":false,"showSkybox":true,"showFlares":true,"showImageEffects":true,"showParticleSystems":true},"in2DMode":false,"pivot":{"x":515.2223510742188,"y":-541.2439575195313,"z":-252.0242919921875},"rotation":{"x":0.021568428725004197,"y":-0.9483986496925354,"z":0.30936017632484438,"w":0.06612147390842438},"size":713.3773803710938,"orthographic":false}