{"cameraMode":{"drawMode":0,"name":"Shaded","section":"Shading Mode"},"sceneLighting":true,"audioPlay":false,"sceneViewState":{"showFog":true,"showMaterialUpdate":false,"showSkybox":true,"showFlares":true,"showImageEffects":true,"showParticleSystems":true},"in2DMode":false,"pivot":{"x":549.1610717773438,"y":219.74293518066407,"z":328.5263977050781},"rotation":{"x":0.16072754561901093,"y":-0.42137762904167178,"z":0.07616093009710312,"w":0.889277458190918},"size":0.8660253882408142,"orthographic":false}